document_id,cleaned_text,sentiment
1,review sample review testing purpose,neutral
2,review sample review testing purpose,neutral
3,review sample review testing purpose,neutral
4,review sample review testing purpose,neutral
5,review sample review testing purpose,neutral
6,review sample review testing purpose,neutral
7,review sample review testing purpose,neutral
8,review sample review testing purpose,neutral
9,review sample review testing purpose,neutral
10,review sample review testing purpose,neutral
11,review sample review testing purpose,neutral
12,review sample review testing purpose,neutral
13,review sample review testing purpose,neutral
14,review sample review testing purpose,neutral
15,review sample review testing purpose,neutral
16,review sample review testing purpose,neutral
17,review sample review testing purpose,neutral
18,review sample review testing purpose,neutral
19,review sample review testing purpose,neutral
20,review sample review testing purpose,neutral
21,review sample review testing purpose,neutral
22,review sample review testing purpose,neutral
23,review sample review testing purpose,neutral
24,review sample review testing purpose,neutral
25,review sample review testing purpose,neutral
26,review sample review testing purpose,neutral
27,review sample review testing purpose,neutral
28,review sample review testing purpose,neutral
29,review sample review testing purpose,neutral
30,review sample review testing purpose,neutral
31,review sample review testing purpose,neutral
32,review sample review testing purpose,neutral
33,review sample review testing purpose,neutral
34,review sample review testing purpose,neutral
35,review sample review testing purpose,neutral
36,review sample review testing purpose,neutral
37,review sample review testing purpose,neutral
38,review sample review testing purpose,neutral
39,review sample review testing purpose,neutral
40,review sample review testing purpose,neutral
41,review sample review testing purpose,neutral
42,review sample review testing purpose,neutral
43,review sample review testing purpose,neutral
44,review sample review testing purpose,neutral
45,review sample review testing purpose,neutral
46,review sample review testing purpose,neutral
47,review sample review testing purpose,neutral
48,review sample review testing purpose,neutral
49,review sample review testing purpose,neutral
50,review sample review testing purpose,neutral
51,review sample review testing purpose,neutral
52,review sample review testing purpose,neutral
53,review sample review testing purpose,neutral
54,review sample review testing purpose,neutral
55,review sample review testing purpose,neutral
56,review sample review testing purpose,neutral
57,review sample review testing purpose,neutral
58,review sample review testing purpose,neutral
59,review sample review testing purpose,neutral
60,review sample review testing purpose,neutral
61,review sample review testing purpose,neutral
62,review sample review testing purpose,neutral
63,review sample review testing purpose,neutral
64,review sample review testing purpose,neutral
65,review sample review testing purpose,neutral
66,review sample review testing purpose,neutral
67,review sample review testing purpose,neutral
68,review sample review testing purpose,neutral
69,review sample review testing purpose,neutral
70,review sample review testing purpose,neutral
71,review sample review testing purpose,neutral
72,review sample review testing purpose,neutral
73,review sample review testing purpose,neutral
74,review sample review testing purpose,neutral
75,review sample review testing purpose,neutral
76,review sample review testing purpose,neutral
77,review sample review testing purpose,neutral
78,review sample review testing purpose,neutral
79,review sample review testing purpose,neutral
80,review sample review testing purpose,neutral
81,review sample review testing purpose,neutral
82,review sample review testing purpose,neutral
83,review sample review testing purpose,neutral
84,review sample review testing purpose,neutral
85,review sample review testing purpose,neutral
86,review sample review testing purpose,neutral
87,review sample review testing purpose,neutral
88,review sample review testing purpose,neutral
89,review sample review testing purpose,neutral
90,review sample review testing purpose,neutral
91,review sample review testing purpose,neutral
92,review sample review testing purpose,neutral
93,review sample review testing purpose,neutral
94,review sample review testing purpose,neutral
95,review sample review testing purpose,neutral
96,review sample review testing purpose,neutral
97,review sample review testing purpose,neutral
98,review sample review testing purpose,neutral
99,review sample review testing purpose,neutral
100,review sample review testing purpose,neutral
101,review sample review testing purpose,neutral
102,review sample review testing purpose,neutral
103,review sample review testing purpose,neutral
104,review sample review testing purpose,neutral
105,review sample review testing purpose,neutral
106,review sample review testing purpose,neutral
107,review sample review testing purpose,neutral
108,review sample review testing purpose,neutral
109,review sample review testing purpose,neutral
110,review sample review testing purpose,neutral
111,review sample review testing purpose,neutral
112,review sample review testing purpose,neutral
113,review sample review testing purpose,neutral
114,review sample review testing purpose,neutral
115,review sample review testing purpose,neutral
116,review sample review testing purpose,neutral
117,review sample review testing purpose,neutral
118,review sample review testing purpose,neutral
119,review sample review testing purpose,neutral
120,review sample review testing purpose,neutral
121,review sample review testing purpose,neutral
122,review sample review testing purpose,neutral
123,review sample review testing purpose,neutral
124,review sample review testing purpose,neutral
125,review sample review testing purpose,neutral
126,review sample review testing purpose,neutral
127,review sample review testing purpose,neutral
128,review sample review testing purpose,neutral
129,review sample review testing purpose,neutral
130,review sample review testing purpose,neutral
131,review sample review testing purpose,neutral
132,review sample review testing purpose,neutral
133,review sample review testing purpose,neutral
134,review sample review testing purpose,neutral
135,review sample review testing purpose,neutral
136,review sample review testing purpose,neutral
137,review sample review testing purpose,neutral
138,review sample review testing purpose,neutral
139,review sample review testing purpose,neutral
140,review sample review testing purpose,neutral
141,review sample review testing purpose,neutral
142,review sample review testing purpose,neutral
143,review sample review testing purpose,neutral
144,review sample review testing purpose,neutral
145,review sample review testing purpose,neutral
146,review sample review testing purpose,neutral
147,review sample review testing purpose,neutral
148,review sample review testing purpose,neutral
149,review sample review testing purpose,neutral
150,review sample review testing purpose,neutral
151,review sample review testing purpose,neutral
152,review sample review testing purpose,neutral
153,review sample review testing purpose,neutral
154,review sample review testing purpose,neutral
155,review sample review testing purpose,neutral
156,review sample review testing purpose,neutral
157,review sample review testing purpose,neutral
158,review sample review testing purpose,neutral
159,review sample review testing purpose,neutral
160,review sample review testing purpose,neutral
161,review sample review testing purpose,neutral
162,review sample review testing purpose,neutral
163,review sample review testing purpose,neutral
164,review sample review testing purpose,neutral
165,review sample review testing purpose,neutral
166,review sample review testing purpose,neutral
167,review sample review testing purpose,neutral
168,review sample review testing purpose,neutral
169,review sample review testing purpose,neutral
170,review sample review testing purpose,neutral
171,review sample review testing purpose,neutral
172,review sample review testing purpose,neutral
173,review sample review testing purpose,neutral
174,review sample review testing purpose,neutral
175,review sample review testing purpose,neutral
176,review sample review testing purpose,neutral
177,review sample review testing purpose,neutral
178,review sample review testing purpose,neutral
179,review sample review testing purpose,neutral
180,review sample review testing purpose,neutral
181,review sample review testing purpose,neutral
182,review sample review testing purpose,neutral
183,review sample review testing purpose,neutral
184,review sample review testing purpose,neutral
185,review sample review testing purpose,neutral
186,review sample review testing purpose,neutral
187,review sample review testing purpose,neutral
188,review sample review testing purpose,neutral
189,review sample review testing purpose,neutral
190,review sample review testing purpose,neutral
191,review sample review testing purpose,neutral
192,review sample review testing purpose,neutral
193,review sample review testing purpose,neutral
194,review sample review testing purpose,neutral
195,review sample review testing purpose,neutral
196,review sample review testing purpose,neutral
197,review sample review testing purpose,neutral
198,review sample review testing purpose,neutral
199,review sample review testing purpose,neutral
200,review sample review testing purpose,neutral
201,review sample review testing purpose,neutral
202,review sample review testing purpose,neutral
203,review sample review testing purpose,neutral
204,review sample review testing purpose,neutral
205,review sample review testing purpose,neutral
206,review sample review testing purpose,neutral
207,review sample review testing purpose,neutral
208,review sample review testing purpose,neutral
209,review sample review testing purpose,neutral
210,review sample review testing purpose,neutral
211,review sample review testing purpose,neutral
212,review sample review testing purpose,neutral
213,review sample review testing purpose,neutral
214,review sample review testing purpose,neutral
215,review sample review testing purpose,neutral
216,review sample review testing purpose,neutral
217,review sample review testing purpose,neutral
218,review sample review testing purpose,neutral
219,review sample review testing purpose,neutral
220,review sample review testing purpose,neutral
221,review sample review testing purpose,neutral
222,review sample review testing purpose,neutral
223,review sample review testing purpose,neutral
224,review sample review testing purpose,neutral
225,review sample review testing purpose,neutral
226,review sample review testing purpose,neutral
227,review sample review testing purpose,neutral
228,review sample review testing purpose,neutral
229,review sample review testing purpose,neutral
230,review sample review testing purpose,neutral
231,review sample review testing purpose,neutral
232,review sample review testing purpose,neutral
233,review sample review testing purpose,neutral
234,review sample review testing purpose,neutral
235,review sample review testing purpose,neutral
236,review sample review testing purpose,neutral
237,review sample review testing purpose,neutral
238,review sample review testing purpose,neutral
239,review sample review testing purpose,neutral
240,review sample review testing purpose,neutral
241,review sample review testing purpose,neutral
242,review sample review testing purpose,neutral
243,review sample review testing purpose,neutral
244,review sample review testing purpose,neutral
245,review sample review testing purpose,neutral
246,review sample review testing purpose,neutral
247,review sample review testing purpose,neutral
248,review sample review testing purpose,neutral
249,review sample review testing purpose,neutral
250,review sample review testing purpose,neutral
251,review sample review testing purpose,neutral
252,review sample review testing purpose,neutral
253,review sample review testing purpose,neutral
254,review sample review testing purpose,neutral
255,review sample review testing purpose,neutral
256,review sample review testing purpose,neutral
257,review sample review testing purpose,neutral
258,review sample review testing purpose,neutral
259,review sample review testing purpose,neutral
260,review sample review testing purpose,neutral
261,review sample review testing purpose,neutral
262,review sample review testing purpose,neutral
263,review sample review testing purpose,neutral
264,review sample review testing purpose,neutral
265,review sample review testing purpose,neutral
266,review sample review testing purpose,neutral
267,review sample review testing purpose,neutral
268,review sample review testing purpose,neutral
269,review sample review testing purpose,neutral
270,review sample review testing purpose,neutral
271,review sample review testing purpose,neutral
272,review sample review testing purpose,neutral
273,review sample review testing purpose,neutral
274,review sample review testing purpose,neutral
275,review sample review testing purpose,neutral
276,review sample review testing purpose,neutral
277,review sample review testing purpose,neutral
278,review sample review testing purpose,neutral
279,review sample review testing purpose,neutral
280,review sample review testing purpose,neutral
281,review sample review testing purpose,neutral
282,review sample review testing purpose,neutral
283,review sample review testing purpose,neutral
284,review sample review testing purpose,neutral
285,review sample review testing purpose,neutral
286,review sample review testing purpose,neutral
287,review sample review testing purpose,neutral
288,review sample review testing purpose,neutral
289,review sample review testing purpose,neutral
290,review sample review testing purpose,neutral
291,review sample review testing purpose,neutral
292,review sample review testing purpose,neutral
293,review sample review testing purpose,neutral
294,review sample review testing purpose,neutral
295,review sample review testing purpose,neutral
296,review sample review testing purpose,neutral
297,review sample review testing purpose,neutral
298,review sample review testing purpose,neutral
299,review sample review testing purpose,neutral
300,review sample review testing purpose,neutral
301,review sample review testing purpose,neutral
302,review sample review testing purpose,neutral
303,review sample review testing purpose,neutral
304,review sample review testing purpose,neutral
305,review sample review testing purpose,neutral
306,review sample review testing purpose,neutral
307,review sample review testing purpose,neutral
308,review sample review testing purpose,neutral
309,review sample review testing purpose,neutral
310,review sample review testing purpose,neutral
311,review sample review testing purpose,neutral
312,review sample review testing purpose,neutral
313,review sample review testing purpose,neutral
314,review sample review testing purpose,neutral
315,review sample review testing purpose,neutral
316,review sample review testing purpose,neutral
317,review sample review testing purpose,neutral
318,review sample review testing purpose,neutral
319,review sample review testing purpose,neutral
320,review sample review testing purpose,neutral
321,review sample review testing purpose,neutral
322,review sample review testing purpose,neutral
323,review sample review testing purpose,neutral
324,review sample review testing purpose,neutral
325,review sample review testing purpose,neutral
326,review sample review testing purpose,neutral
327,review sample review testing purpose,neutral
328,review sample review testing purpose,neutral
329,review sample review testing purpose,neutral
330,review sample review testing purpose,neutral
331,review sample review testing purpose,neutral
332,review sample review testing purpose,neutral
333,review sample review testing purpose,neutral
334,review sample review testing purpose,neutral
335,review sample review testing purpose,neutral
336,review sample review testing purpose,neutral
337,review sample review testing purpose,neutral
338,review sample review testing purpose,neutral
339,review sample review testing purpose,neutral
340,review sample review testing purpose,neutral
341,review sample review testing purpose,neutral
342,review sample review testing purpose,neutral
343,review sample review testing purpose,neutral
344,review sample review testing purpose,neutral
345,review sample review testing purpose,neutral
346,review sample review testing purpose,neutral
347,review sample review testing purpose,neutral
348,review sample review testing purpose,neutral
349,review sample review testing purpose,neutral
350,review sample review testing purpose,neutral
351,review sample review testing purpose,neutral
352,review sample review testing purpose,neutral
353,review sample review testing purpose,neutral
354,review sample review testing purpose,neutral
355,review sample review testing purpose,neutral
356,review sample review testing purpose,neutral
357,review sample review testing purpose,neutral
358,review sample review testing purpose,neutral
359,review sample review testing purpose,neutral
360,review sample review testing purpose,neutral
361,review sample review testing purpose,neutral
362,review sample review testing purpose,neutral
363,review sample review testing purpose,neutral
364,review sample review testing purpose,neutral
365,review sample review testing purpose,neutral
366,review sample review testing purpose,neutral
367,review sample review testing purpose,neutral
368,review sample review testing purpose,neutral
369,review sample review testing purpose,neutral
370,review sample review testing purpose,neutral
371,review sample review testing purpose,neutral
372,review sample review testing purpose,neutral
373,review sample review testing purpose,neutral
374,review sample review testing purpose,neutral
375,review sample review testing purpose,neutral
376,review sample review testing purpose,neutral
377,review sample review testing purpose,neutral
378,review sample review testing purpose,neutral
379,review sample review testing purpose,neutral
380,review sample review testing purpose,neutral
381,review sample review testing purpose,neutral
382,review sample review testing purpose,neutral
383,review sample review testing purpose,neutral
384,review sample review testing purpose,neutral
385,review sample review testing purpose,neutral
386,review sample review testing purpose,neutral
387,review sample review testing purpose,neutral
388,review sample review testing purpose,neutral
389,review sample review testing purpose,neutral
390,review sample review testing purpose,neutral
391,review sample review testing purpose,neutral
392,review sample review testing purpose,neutral
393,review sample review testing purpose,neutral
394,review sample review testing purpose,neutral
395,review sample review testing purpose,neutral
396,review sample review testing purpose,neutral
397,review sample review testing purpose,neutral
398,review sample review testing purpose,neutral
399,review sample review testing purpose,neutral
400,review sample review testing purpose,neutral
401,review sample review testing purpose,neutral
402,review sample review testing purpose,neutral
403,review sample review testing purpose,neutral
404,review sample review testing purpose,neutral
405,review sample review testing purpose,neutral
406,review sample review testing purpose,neutral
407,review sample review testing purpose,neutral
408,review sample review testing purpose,neutral
409,review sample review testing purpose,neutral
410,review sample review testing purpose,neutral
411,review sample review testing purpose,neutral
412,review sample review testing purpose,neutral
413,review sample review testing purpose,neutral
414,review sample review testing purpose,neutral
415,review sample review testing purpose,neutral
416,review sample review testing purpose,neutral
417,review sample review testing purpose,neutral
418,review sample review testing purpose,neutral
419,review sample review testing purpose,neutral
420,review sample review testing purpose,neutral
421,review sample review testing purpose,neutral
422,review sample review testing purpose,neutral
423,review sample review testing purpose,neutral
424,review sample review testing purpose,neutral
425,review sample review testing purpose,neutral
426,review sample review testing purpose,neutral
427,review sample review testing purpose,neutral
428,review sample review testing purpose,neutral
429,review sample review testing purpose,neutral
430,review sample review testing purpose,neutral
431,review sample review testing purpose,neutral
432,review sample review testing purpose,neutral
433,review sample review testing purpose,neutral
434,review sample review testing purpose,neutral
435,review sample review testing purpose,neutral
436,review sample review testing purpose,neutral
437,review sample review testing purpose,neutral
438,review sample review testing purpose,neutral
439,review sample review testing purpose,neutral
440,review sample review testing purpose,neutral
441,review sample review testing purpose,neutral
442,review sample review testing purpose,neutral
443,review sample review testing purpose,neutral
444,review sample review testing purpose,neutral
445,review sample review testing purpose,neutral
446,review sample review testing purpose,neutral
447,review sample review testing purpose,neutral
448,review sample review testing purpose,neutral
449,review sample review testing purpose,neutral
450,review sample review testing purpose,neutral
451,review sample review testing purpose,neutral
452,review sample review testing purpose,neutral
453,review sample review testing purpose,neutral
454,review sample review testing purpose,neutral
455,review sample review testing purpose,neutral
456,review sample review testing purpose,neutral
457,review sample review testing purpose,neutral
458,review sample review testing purpose,neutral
459,review sample review testing purpose,neutral
460,review sample review testing purpose,neutral
461,review sample review testing purpose,neutral
462,review sample review testing purpose,neutral
463,review sample review testing purpose,neutral
464,review sample review testing purpose,neutral
465,review sample review testing purpose,neutral
466,review sample review testing purpose,neutral
467,review sample review testing purpose,neutral
468,review sample review testing purpose,neutral
469,review sample review testing purpose,neutral
470,review sample review testing purpose,neutral
471,review sample review testing purpose,neutral
472,review sample review testing purpose,neutral
473,review sample review testing purpose,neutral
474,review sample review testing purpose,neutral
475,review sample review testing purpose,neutral
476,review sample review testing purpose,neutral
477,review sample review testing purpose,neutral
478,review sample review testing purpose,neutral
479,review sample review testing purpose,neutral
480,review sample review testing purpose,neutral
481,review sample review testing purpose,neutral
482,review sample review testing purpose,neutral
483,review sample review testing purpose,neutral
484,review sample review testing purpose,neutral
485,review sample review testing purpose,neutral
486,review sample review testing purpose,neutral
487,review sample review testing purpose,neutral
488,review sample review testing purpose,neutral
489,review sample review testing purpose,neutral
490,review sample review testing purpose,neutral
491,review sample review testing purpose,neutral
492,review sample review testing purpose,neutral
493,review sample review testing purpose,neutral
494,review sample review testing purpose,neutral
495,review sample review testing purpose,neutral
496,review sample review testing purpose,neutral
497,review sample review testing purpose,neutral
498,review sample review testing purpose,neutral
499,review sample review testing purpose,neutral
500,review sample review testing purpose,neutral
501,review sample review testing purpose,neutral
502,review sample review testing purpose,neutral
503,review sample review testing purpose,neutral
504,review sample review testing purpose,neutral
505,review sample review testing purpose,neutral
506,review sample review testing purpose,neutral
507,review sample review testing purpose,neutral
508,review sample review testing purpose,neutral
509,review sample review testing purpose,neutral
510,review sample review testing purpose,neutral
511,review sample review testing purpose,neutral
512,review sample review testing purpose,neutral
513,review sample review testing purpose,neutral
514,review sample review testing purpose,neutral
515,review sample review testing purpose,neutral
516,review sample review testing purpose,neutral
517,review sample review testing purpose,neutral
518,review sample review testing purpose,neutral
519,review sample review testing purpose,neutral
520,review sample review testing purpose,neutral
521,review sample review testing purpose,neutral
522,review sample review testing purpose,neutral
523,review sample review testing purpose,neutral
524,review sample review testing purpose,neutral
525,review sample review testing purpose,neutral
526,review sample review testing purpose,neutral
527,review sample review testing purpose,neutral
528,review sample review testing purpose,neutral
529,review sample review testing purpose,neutral
530,review sample review testing purpose,neutral
531,review sample review testing purpose,neutral
532,review sample review testing purpose,neutral
533,review sample review testing purpose,neutral
534,review sample review testing purpose,neutral
535,review sample review testing purpose,neutral
536,review sample review testing purpose,neutral
537,review sample review testing purpose,neutral
538,review sample review testing purpose,neutral
539,review sample review testing purpose,neutral
540,review sample review testing purpose,neutral
541,review sample review testing purpose,neutral
542,review sample review testing purpose,neutral
543,review sample review testing purpose,neutral
544,review sample review testing purpose,neutral
545,review sample review testing purpose,neutral
546,review sample review testing purpose,neutral
547,review sample review testing purpose,neutral
548,review sample review testing purpose,neutral
549,review sample review testing purpose,neutral
550,review sample review testing purpose,neutral
551,review sample review testing purpose,neutral
552,review sample review testing purpose,neutral
553,review sample review testing purpose,neutral
554,review sample review testing purpose,neutral
555,review sample review testing purpose,neutral
556,review sample review testing purpose,neutral
557,review sample review testing purpose,neutral
558,review sample review testing purpose,neutral
559,review sample review testing purpose,neutral
560,review sample review testing purpose,neutral
561,review sample review testing purpose,neutral
562,review sample review testing purpose,neutral
563,review sample review testing purpose,neutral
564,review sample review testing purpose,neutral
565,review sample review testing purpose,neutral
566,review sample review testing purpose,neutral
567,review sample review testing purpose,neutral
568,review sample review testing purpose,neutral
569,review sample review testing purpose,neutral
570,review sample review testing purpose,neutral
571,review sample review testing purpose,neutral
572,review sample review testing purpose,neutral
573,review sample review testing purpose,neutral
574,review sample review testing purpose,neutral
575,review sample review testing purpose,neutral
576,review sample review testing purpose,neutral
577,review sample review testing purpose,neutral
578,review sample review testing purpose,neutral
579,review sample review testing purpose,neutral
580,review sample review testing purpose,neutral
581,review sample review testing purpose,neutral
582,review sample review testing purpose,neutral
583,review sample review testing purpose,neutral
584,review sample review testing purpose,neutral
585,review sample review testing purpose,neutral
586,review sample review testing purpose,neutral
587,review sample review testing purpose,neutral
588,review sample review testing purpose,neutral
589,review sample review testing purpose,neutral
590,review sample review testing purpose,neutral
591,review sample review testing purpose,neutral
592,review sample review testing purpose,neutral
593,review sample review testing purpose,neutral
594,review sample review testing purpose,neutral
595,review sample review testing purpose,neutral
596,review sample review testing purpose,neutral
597,review sample review testing purpose,neutral
598,review sample review testing purpose,neutral
599,review sample review testing purpose,neutral
600,review sample review testing purpose,neutral
601,review sample review testing purpose,neutral
602,review sample review testing purpose,neutral
603,review sample review testing purpose,neutral
604,review sample review testing purpose,neutral
605,review sample review testing purpose,neutral
606,review sample review testing purpose,neutral
607,review sample review testing purpose,neutral
608,review sample review testing purpose,neutral
609,review sample review testing purpose,neutral
610,review sample review testing purpose,neutral
611,review sample review testing purpose,neutral
612,review sample review testing purpose,neutral
613,review sample review testing purpose,neutral
614,review sample review testing purpose,neutral
615,review sample review testing purpose,neutral
616,review sample review testing purpose,neutral
617,review sample review testing purpose,neutral
618,review sample review testing purpose,neutral
619,review sample review testing purpose,neutral
620,review sample review testing purpose,neutral
621,review sample review testing purpose,neutral
622,review sample review testing purpose,neutral
623,review sample review testing purpose,neutral
624,review sample review testing purpose,neutral
625,review sample review testing purpose,neutral
626,review sample review testing purpose,neutral
627,review sample review testing purpose,neutral
628,review sample review testing purpose,neutral
629,review sample review testing purpose,neutral
630,review sample review testing purpose,neutral
631,review sample review testing purpose,neutral
632,review sample review testing purpose,neutral
633,review sample review testing purpose,neutral
634,review sample review testing purpose,neutral
635,review sample review testing purpose,neutral
636,review sample review testing purpose,neutral
637,review sample review testing purpose,neutral
638,review sample review testing purpose,neutral
639,review sample review testing purpose,neutral
640,review sample review testing purpose,neutral
641,review sample review testing purpose,neutral
642,review sample review testing purpose,neutral
643,review sample review testing purpose,neutral
644,review sample review testing purpose,neutral
645,review sample review testing purpose,neutral
646,review sample review testing purpose,neutral
647,review sample review testing purpose,neutral
648,review sample review testing purpose,neutral
649,review sample review testing purpose,neutral
650,review sample review testing purpose,neutral
651,review sample review testing purpose,neutral
652,review sample review testing purpose,neutral
653,review sample review testing purpose,neutral
654,review sample review testing purpose,neutral
655,review sample review testing purpose,neutral
656,review sample review testing purpose,neutral
657,review sample review testing purpose,neutral
658,review sample review testing purpose,neutral
659,review sample review testing purpose,neutral
660,review sample review testing purpose,neutral
661,review sample review testing purpose,neutral
662,review sample review testing purpose,neutral
663,review sample review testing purpose,neutral
664,review sample review testing purpose,neutral
665,review sample review testing purpose,neutral
666,review sample review testing purpose,neutral
667,review sample review testing purpose,neutral
668,review sample review testing purpose,neutral
669,review sample review testing purpose,neutral
670,review sample review testing purpose,neutral
671,review sample review testing purpose,neutral
672,review sample review testing purpose,neutral
673,review sample review testing purpose,neutral
674,review sample review testing purpose,neutral
675,review sample review testing purpose,neutral
676,review sample review testing purpose,neutral
677,review sample review testing purpose,neutral
678,review sample review testing purpose,neutral
679,review sample review testing purpose,neutral
680,review sample review testing purpose,neutral
681,review sample review testing purpose,neutral
682,review sample review testing purpose,neutral
683,review sample review testing purpose,neutral
684,review sample review testing purpose,neutral
685,review sample review testing purpose,neutral
686,review sample review testing purpose,neutral
687,review sample review testing purpose,neutral
688,review sample review testing purpose,neutral
689,review sample review testing purpose,neutral
690,review sample review testing purpose,neutral
691,review sample review testing purpose,neutral
692,review sample review testing purpose,neutral
693,review sample review testing purpose,neutral
694,review sample review testing purpose,neutral
695,review sample review testing purpose,neutral
696,review sample review testing purpose,neutral
697,review sample review testing purpose,neutral
698,review sample review testing purpose,neutral
699,review sample review testing purpose,neutral
700,review sample review testing purpose,neutral
701,review sample review testing purpose,neutral
702,review sample review testing purpose,neutral
703,review sample review testing purpose,neutral
704,review sample review testing purpose,neutral
705,review sample review testing purpose,neutral
706,review sample review testing purpose,neutral
707,review sample review testing purpose,neutral
708,review sample review testing purpose,neutral
709,review sample review testing purpose,neutral
710,review sample review testing purpose,neutral
711,review sample review testing purpose,neutral
712,review sample review testing purpose,neutral
713,review sample review testing purpose,neutral
714,review sample review testing purpose,neutral
715,review sample review testing purpose,neutral
716,review sample review testing purpose,neutral
717,review sample review testing purpose,neutral
718,review sample review testing purpose,neutral
719,review sample review testing purpose,neutral
720,review sample review testing purpose,neutral
721,review sample review testing purpose,neutral
722,review sample review testing purpose,neutral
723,review sample review testing purpose,neutral
724,review sample review testing purpose,neutral
725,review sample review testing purpose,neutral
726,review sample review testing purpose,neutral
727,review sample review testing purpose,neutral
728,review sample review testing purpose,neutral
729,review sample review testing purpose,neutral
730,review sample review testing purpose,neutral
731,review sample review testing purpose,neutral
732,review sample review testing purpose,neutral
733,review sample review testing purpose,neutral
734,review sample review testing purpose,neutral
735,review sample review testing purpose,neutral
736,review sample review testing purpose,neutral
737,review sample review testing purpose,neutral
738,review sample review testing purpose,neutral
739,review sample review testing purpose,neutral
740,review sample review testing purpose,neutral
741,review sample review testing purpose,neutral
742,review sample review testing purpose,neutral
743,review sample review testing purpose,neutral
744,review sample review testing purpose,neutral
745,review sample review testing purpose,neutral
746,review sample review testing purpose,neutral
747,review sample review testing purpose,neutral
748,review sample review testing purpose,neutral
749,review sample review testing purpose,neutral
750,review sample review testing purpose,neutral
751,review sample review testing purpose,neutral
752,review sample review testing purpose,neutral
753,review sample review testing purpose,neutral
754,review sample review testing purpose,neutral
755,review sample review testing purpose,neutral
756,review sample review testing purpose,neutral
757,review sample review testing purpose,neutral
758,review sample review testing purpose,neutral
759,review sample review testing purpose,neutral
760,review sample review testing purpose,neutral
761,review sample review testing purpose,neutral
762,review sample review testing purpose,neutral
763,review sample review testing purpose,neutral
764,review sample review testing purpose,neutral
765,review sample review testing purpose,neutral
766,review sample review testing purpose,neutral
767,review sample review testing purpose,neutral
768,review sample review testing purpose,neutral
769,review sample review testing purpose,neutral
770,review sample review testing purpose,neutral
771,review sample review testing purpose,neutral
772,review sample review testing purpose,neutral
773,review sample review testing purpose,neutral
774,review sample review testing purpose,neutral
775,review sample review testing purpose,neutral
776,review sample review testing purpose,neutral
777,review sample review testing purpose,neutral
778,review sample review testing purpose,neutral
779,review sample review testing purpose,neutral
780,review sample review testing purpose,neutral
781,review sample review testing purpose,neutral
782,review sample review testing purpose,neutral
783,review sample review testing purpose,neutral
784,review sample review testing purpose,neutral
785,review sample review testing purpose,neutral
786,review sample review testing purpose,neutral
787,review sample review testing purpose,neutral
788,review sample review testing purpose,neutral
789,review sample review testing purpose,neutral
790,review sample review testing purpose,neutral
791,review sample review testing purpose,neutral
792,review sample review testing purpose,neutral
793,review sample review testing purpose,neutral
794,review sample review testing purpose,neutral
795,review sample review testing purpose,neutral
796,review sample review testing purpose,neutral
797,review sample review testing purpose,neutral
798,review sample review testing purpose,neutral
799,review sample review testing purpose,neutral
800,review sample review testing purpose,neutral
801,review sample review testing purpose,neutral
802,review sample review testing purpose,neutral
803,review sample review testing purpose,neutral
804,review sample review testing purpose,neutral
805,review sample review testing purpose,neutral
806,review sample review testing purpose,neutral
807,review sample review testing purpose,neutral
808,review sample review testing purpose,neutral
809,review sample review testing purpose,neutral
810,review sample review testing purpose,neutral
811,review sample review testing purpose,neutral
812,review sample review testing purpose,neutral
813,review sample review testing purpose,neutral
814,review sample review testing purpose,neutral
815,review sample review testing purpose,neutral
816,review sample review testing purpose,neutral
817,review sample review testing purpose,neutral
818,review sample review testing purpose,neutral
819,review sample review testing purpose,neutral
820,review sample review testing purpose,neutral
821,review sample review testing purpose,neutral
822,review sample review testing purpose,neutral
823,review sample review testing purpose,neutral
824,review sample review testing purpose,neutral
825,review sample review testing purpose,neutral
826,review sample review testing purpose,neutral
827,review sample review testing purpose,neutral
828,review sample review testing purpose,neutral
829,review sample review testing purpose,neutral
830,review sample review testing purpose,neutral
831,review sample review testing purpose,neutral
832,review sample review testing purpose,neutral
833,review sample review testing purpose,neutral
834,review sample review testing purpose,neutral
835,review sample review testing purpose,neutral
836,review sample review testing purpose,neutral
837,review sample review testing purpose,neutral
838,review sample review testing purpose,neutral
839,review sample review testing purpose,neutral
840,review sample review testing purpose,neutral
841,review sample review testing purpose,neutral
842,review sample review testing purpose,neutral
843,review sample review testing purpose,neutral
844,review sample review testing purpose,neutral
845,review sample review testing purpose,neutral
846,review sample review testing purpose,neutral
847,review sample review testing purpose,neutral
848,review sample review testing purpose,neutral
849,review sample review testing purpose,neutral
850,review sample review testing purpose,neutral
851,review sample review testing purpose,neutral
852,review sample review testing purpose,neutral
853,review sample review testing purpose,neutral
854,review sample review testing purpose,neutral
855,review sample review testing purpose,neutral
856,review sample review testing purpose,neutral
857,review sample review testing purpose,neutral
858,review sample review testing purpose,neutral
859,review sample review testing purpose,neutral
860,review sample review testing purpose,neutral
861,review sample review testing purpose,neutral
862,review sample review testing purpose,neutral
863,review sample review testing purpose,neutral
864,review sample review testing purpose,neutral
865,review sample review testing purpose,neutral
866,review sample review testing purpose,neutral
867,review sample review testing purpose,neutral
868,review sample review testing purpose,neutral
869,review sample review testing purpose,neutral
870,review sample review testing purpose,neutral
871,review sample review testing purpose,neutral
872,review sample review testing purpose,neutral
873,review sample review testing purpose,neutral
874,review sample review testing purpose,neutral
875,review sample review testing purpose,neutral
876,review sample review testing purpose,neutral
877,review sample review testing purpose,neutral
878,review sample review testing purpose,neutral
879,review sample review testing purpose,neutral
880,review sample review testing purpose,neutral
881,review sample review testing purpose,neutral
882,review sample review testing purpose,neutral
883,review sample review testing purpose,neutral
884,review sample review testing purpose,neutral
885,review sample review testing purpose,neutral
886,review sample review testing purpose,neutral
887,review sample review testing purpose,neutral
888,review sample review testing purpose,neutral
889,review sample review testing purpose,neutral
890,review sample review testing purpose,neutral
891,review sample review testing purpose,neutral
892,review sample review testing purpose,neutral
893,review sample review testing purpose,neutral
894,review sample review testing purpose,neutral
895,review sample review testing purpose,neutral
896,review sample review testing purpose,neutral
897,review sample review testing purpose,neutral
898,review sample review testing purpose,neutral
899,review sample review testing purpose,neutral
900,review sample review testing purpose,neutral
901,review sample review testing purpose,neutral
902,review sample review testing purpose,neutral
903,review sample review testing purpose,neutral
904,review sample review testing purpose,neutral
905,review sample review testing purpose,neutral
906,review sample review testing purpose,neutral
907,review sample review testing purpose,neutral
908,review sample review testing purpose,neutral
909,review sample review testing purpose,neutral
910,review sample review testing purpose,neutral
911,review sample review testing purpose,neutral
912,review sample review testing purpose,neutral
913,review sample review testing purpose,neutral
914,review sample review testing purpose,neutral
915,review sample review testing purpose,neutral
916,review sample review testing purpose,neutral
917,review sample review testing purpose,neutral
918,review sample review testing purpose,neutral
919,review sample review testing purpose,neutral
920,review sample review testing purpose,neutral
921,review sample review testing purpose,neutral
922,review sample review testing purpose,neutral
923,review sample review testing purpose,neutral
924,review sample review testing purpose,neutral
925,review sample review testing purpose,neutral
926,review sample review testing purpose,neutral
927,review sample review testing purpose,neutral
928,review sample review testing purpose,neutral
929,review sample review testing purpose,neutral
930,review sample review testing purpose,neutral
931,review sample review testing purpose,neutral
932,review sample review testing purpose,neutral
933,review sample review testing purpose,neutral
934,review sample review testing purpose,neutral
935,review sample review testing purpose,neutral
936,review sample review testing purpose,neutral
937,review sample review testing purpose,neutral
938,review sample review testing purpose,neutral
939,review sample review testing purpose,neutral
940,review sample review testing purpose,neutral
941,review sample review testing purpose,neutral
942,review sample review testing purpose,neutral
943,review sample review testing purpose,neutral
944,review sample review testing purpose,neutral
945,review sample review testing purpose,neutral
946,review sample review testing purpose,neutral
947,review sample review testing purpose,neutral
948,review sample review testing purpose,neutral
949,review sample review testing purpose,neutral
950,review sample review testing purpose,neutral
951,review sample review testing purpose,neutral
952,review sample review testing purpose,neutral
953,review sample review testing purpose,neutral
954,review sample review testing purpose,neutral
955,review sample review testing purpose,neutral
956,review sample review testing purpose,neutral
957,review sample review testing purpose,neutral
958,review sample review testing purpose,neutral
959,review sample review testing purpose,neutral
960,review sample review testing purpose,neutral
961,review sample review testing purpose,neutral
962,review sample review testing purpose,neutral
963,review sample review testing purpose,neutral
964,review sample review testing purpose,neutral
965,review sample review testing purpose,neutral
966,review sample review testing purpose,neutral
967,review sample review testing purpose,neutral
968,review sample review testing purpose,neutral
969,review sample review testing purpose,neutral
970,review sample review testing purpose,neutral
971,review sample review testing purpose,neutral
972,review sample review testing purpose,neutral
973,review sample review testing purpose,neutral
974,review sample review testing purpose,neutral
975,review sample review testing purpose,neutral
976,review sample review testing purpose,neutral
977,review sample review testing purpose,neutral
978,review sample review testing purpose,neutral
979,review sample review testing purpose,neutral
980,review sample review testing purpose,neutral
981,review sample review testing purpose,neutral
982,review sample review testing purpose,neutral
983,review sample review testing purpose,neutral
984,review sample review testing purpose,neutral
985,review sample review testing purpose,neutral
986,review sample review testing purpose,neutral
987,review sample review testing purpose,neutral
988,review sample review testing purpose,neutral
989,review sample review testing purpose,neutral
990,review sample review testing purpose,neutral
991,review sample review testing purpose,neutral
992,review sample review testing purpose,neutral
993,review sample review testing purpose,neutral
994,review sample review testing purpose,neutral
995,review sample review testing purpose,neutral
996,review sample review testing purpose,neutral
997,review sample review testing purpose,neutral
998,review sample review testing purpose,neutral
999,review sample review testing purpose,neutral
1000,review sample review testing purpose,neutral
