cleaned_text,sentiment
review sample review testing purpose,neutral
review sample review testing purpose,neutral
review sample review testing purpose,neutral
review sample review testing purpose,neutral
review sample review testing purpose,neutral
review sample review testing purpose,neutral
review sample review testing purpose,neutral
review sample review testing purpose,neutral
review sample review testing purpose,neutral
review sample review testing purpose,neutral
review sample review testing purpose,neutral
review sample review testing purpose,neutral
review sample review testing purpose,neutral
review sample review testing purpose,neutral
review sample review testing purpose,neutral
review sample review testing purpose,neutral
review sample review testing purpose,neutral
review sample review testing purpose,neutral
review sample review testing purpose,neutral
review sample review testing purpose,neutral
review sample review testing purpose,neutral
review sample review testing purpose,neutral
review sample review testing purpose,neutral
review sample review testing purpose,neutral
review sample review testing purpose,neutral
review sample review testing purpose,neutral
review sample review testing purpose,neutral
review sample review testing purpose,neutral
review sample review testing purpose,neutral
review sample review testing purpose,neutral
review sample review testing purpose,neutral
review sample review testing purpose,neutral
review sample review testing purpose,neutral
review sample review testing purpose,neutral
review sample review testing purpose,neutral
review sample review testing purpose,neutral
review sample review testing purpose,neutral
review sample review testing purpose,neutral
review sample review testing purpose,neutral
review sample review testing purpose,neutral
review sample review testing purpose,neutral
review sample review testing purpose,neutral
review sample review testing purpose,neutral
review sample review testing purpose,neutral
review sample review testing purpose,neutral
review sample review testing purpose,neutral
review sample review testing purpose,neutral
review sample review testing purpose,neutral
review sample review testing purpose,neutral
review sample review testing purpose,neutral
review sample review testing purpose,neutral
review sample review testing purpose,neutral
review sample review testing purpose,neutral
review sample review testing purpose,neutral
review sample review testing purpose,neutral
review sample review testing purpose,neutral
review sample review testing purpose,neutral
review sample review testing purpose,neutral
review sample review testing purpose,neutral
review sample review testing purpose,neutral
review sample review testing purpose,neutral
review sample review testing purpose,neutral
review sample review testing purpose,neutral
review sample review testing purpose,neutral
review sample review testing purpose,neutral
review sample review testing purpose,neutral
review sample review testing purpose,neutral
review sample review testing purpose,neutral
review sample review testing purpose,neutral
review sample review testing purpose,neutral
review sample review testing purpose,neutral
review sample review testing purpose,neutral
review sample review testing purpose,neutral
review sample review testing purpose,neutral
review sample review testing purpose,neutral
review sample review testing purpose,neutral
review sample review testing purpose,neutral
review sample review testing purpose,neutral
review sample review testing purpose,neutral
review sample review testing purpose,neutral
review sample review testing purpose,neutral
review sample review testing purpose,neutral
review sample review testing purpose,neutral
review sample review testing purpose,neutral
review sample review testing purpose,neutral
review sample review testing purpose,neutral
review sample review testing purpose,neutral
review sample review testing purpose,neutral
review sample review testing purpose,neutral
review sample review testing purpose,neutral
review sample review testing purpose,neutral
review sample review testing purpose,neutral
review sample review testing purpose,neutral
review sample review testing purpose,neutral
review sample review testing purpose,neutral
review sample review testing purpose,neutral
review sample review testing purpose,neutral
review sample review testing purpose,neutral
review sample review testing purpose,neutral
review sample review testing purpose,neutral
review sample review testing purpose,neutral
review sample review testing purpose,neutral
review sample review testing purpose,neutral
review sample review testing purpose,neutral
review sample review testing purpose,neutral
review sample review testing purpose,neutral
review sample review testing purpose,neutral
review sample review testing purpose,neutral
review sample review testing purpose,neutral
review sample review testing purpose,neutral
review sample review testing purpose,neutral
review sample review testing purpose,neutral
review sample review testing purpose,neutral
review sample review testing purpose,neutral
review sample review testing purpose,neutral
review sample review testing purpose,neutral
review sample review testing purpose,neutral
review sample review testing purpose,neutral
review sample review testing purpose,neutral
review sample review testing purpose,neutral
review sample review testing purpose,neutral
review sample review testing purpose,neutral
review sample review testing purpose,neutral
review sample review testing purpose,neutral
review sample review testing purpose,neutral
review sample review testing purpose,neutral
review sample review testing purpose,neutral
review sample review testing purpose,neutral
review sample review testing purpose,neutral
review sample review testing purpose,neutral
review sample review testing purpose,neutral
review sample review testing purpose,neutral
review sample review testing purpose,neutral
review sample review testing purpose,neutral
review sample review testing purpose,neutral
review sample review testing purpose,neutral
review sample review testing purpose,neutral
review sample review testing purpose,neutral
review sample review testing purpose,neutral
review sample review testing purpose,neutral
review sample review testing purpose,neutral
review sample review testing purpose,neutral
review sample review testing purpose,neutral
review sample review testing purpose,neutral
review sample review testing purpose,neutral
review sample review testing purpose,neutral
review sample review testing purpose,neutral
review sample review testing purpose,neutral
review sample review testing purpose,neutral
review sample review testing purpose,neutral
review sample review testing purpose,neutral
review sample review testing purpose,neutral
review sample review testing purpose,neutral
review sample review testing purpose,neutral
review sample review testing purpose,neutral
review sample review testing purpose,neutral
review sample review testing purpose,neutral
review sample review testing purpose,neutral
review sample review testing purpose,neutral
review sample review testing purpose,neutral
review sample review testing purpose,neutral
review sample review testing purpose,neutral
review sample review testing purpose,neutral
review sample review testing purpose,neutral
review sample review testing purpose,neutral
review sample review testing purpose,neutral
review sample review testing purpose,neutral
review sample review testing purpose,neutral
review sample review testing purpose,neutral
review sample review testing purpose,neutral
review sample review testing purpose,neutral
review sample review testing purpose,neutral
review sample review testing purpose,neutral
review sample review testing purpose,neutral
review sample review testing purpose,neutral
review sample review testing purpose,neutral
review sample review testing purpose,neutral
review sample review testing purpose,neutral
review sample review testing purpose,neutral
review sample review testing purpose,neutral
review sample review testing purpose,neutral
review sample review testing purpose,neutral
review sample review testing purpose,neutral
review sample review testing purpose,neutral
review sample review testing purpose,neutral
review sample review testing purpose,neutral
review sample review testing purpose,neutral
review sample review testing purpose,neutral
review sample review testing purpose,neutral
review sample review testing purpose,neutral
review sample review testing purpose,neutral
review sample review testing purpose,neutral
review sample review testing purpose,neutral
review sample review testing purpose,neutral
review sample review testing purpose,neutral
review sample review testing purpose,neutral
review sample review testing purpose,neutral
review sample review testing purpose,neutral
review sample review testing purpose,neutral
review sample review testing purpose,neutral
review sample review testing purpose,neutral
review sample review testing purpose,neutral
review sample review testing purpose,neutral
review sample review testing purpose,neutral
review sample review testing purpose,neutral
review sample review testing purpose,neutral
review sample review testing purpose,neutral
review sample review testing purpose,neutral
review sample review testing purpose,neutral
review sample review testing purpose,neutral
review sample review testing purpose,neutral
review sample review testing purpose,neutral
review sample review testing purpose,neutral
review sample review testing purpose,neutral
review sample review testing purpose,neutral
review sample review testing purpose,neutral
review sample review testing purpose,neutral
review sample review testing purpose,neutral
review sample review testing purpose,neutral
review sample review testing purpose,neutral
review sample review testing purpose,neutral
review sample review testing purpose,neutral
review sample review testing purpose,neutral
review sample review testing purpose,neutral
review sample review testing purpose,neutral
review sample review testing purpose,neutral
review sample review testing purpose,neutral
review sample review testing purpose,neutral
review sample review testing purpose,neutral
review sample review testing purpose,neutral
review sample review testing purpose,neutral
review sample review testing purpose,neutral
review sample review testing purpose,neutral
review sample review testing purpose,neutral
review sample review testing purpose,neutral
review sample review testing purpose,neutral
review sample review testing purpose,neutral
review sample review testing purpose,neutral
review sample review testing purpose,neutral
review sample review testing purpose,neutral
review sample review testing purpose,neutral
review sample review testing purpose,neutral
review sample review testing purpose,neutral
review sample review testing purpose,neutral
review sample review testing purpose,neutral
review sample review testing purpose,neutral
review sample review testing purpose,neutral
review sample review testing purpose,neutral
review sample review testing purpose,neutral
review sample review testing purpose,neutral
review sample review testing purpose,neutral
review sample review testing purpose,neutral
review sample review testing purpose,neutral
review sample review testing purpose,neutral
review sample review testing purpose,neutral
review sample review testing purpose,neutral
review sample review testing purpose,neutral
review sample review testing purpose,neutral
review sample review testing purpose,neutral
review sample review testing purpose,neutral
review sample review testing purpose,neutral
review sample review testing purpose,neutral
review sample review testing purpose,neutral
review sample review testing purpose,neutral
review sample review testing purpose,neutral
review sample review testing purpose,neutral
review sample review testing purpose,neutral
review sample review testing purpose,neutral
review sample review testing purpose,neutral
review sample review testing purpose,neutral
review sample review testing purpose,neutral
review sample review testing purpose,neutral
review sample review testing purpose,neutral
review sample review testing purpose,neutral
review sample review testing purpose,neutral
review sample review testing purpose,neutral
review sample review testing purpose,neutral
review sample review testing purpose,neutral
review sample review testing purpose,neutral
review sample review testing purpose,neutral
review sample review testing purpose,neutral
review sample review testing purpose,neutral
review sample review testing purpose,neutral
review sample review testing purpose,neutral
review sample review testing purpose,neutral
review sample review testing purpose,neutral
review sample review testing purpose,neutral
review sample review testing purpose,neutral
review sample review testing purpose,neutral
review sample review testing purpose,neutral
review sample review testing purpose,neutral
review sample review testing purpose,neutral
review sample review testing purpose,neutral
review sample review testing purpose,neutral
review sample review testing purpose,neutral
review sample review testing purpose,neutral
review sample review testing purpose,neutral
review sample review testing purpose,neutral
review sample review testing purpose,neutral
review sample review testing purpose,neutral
review sample review testing purpose,neutral
review sample review testing purpose,neutral
review sample review testing purpose,neutral
review sample review testing purpose,neutral
review sample review testing purpose,neutral
review sample review testing purpose,neutral
review sample review testing purpose,neutral
review sample review testing purpose,neutral
review sample review testing purpose,neutral
review sample review testing purpose,neutral
review sample review testing purpose,neutral
review sample review testing purpose,neutral
review sample review testing purpose,neutral
review sample review testing purpose,neutral
review sample review testing purpose,neutral
review sample review testing purpose,neutral
review sample review testing purpose,neutral
review sample review testing purpose,neutral
review sample review testing purpose,neutral
review sample review testing purpose,neutral
review sample review testing purpose,neutral
review sample review testing purpose,neutral
review sample review testing purpose,neutral
review sample review testing purpose,neutral
review sample review testing purpose,neutral
review sample review testing purpose,neutral
review sample review testing purpose,neutral
review sample review testing purpose,neutral
review sample review testing purpose,neutral
review sample review testing purpose,neutral
review sample review testing purpose,neutral
review sample review testing purpose,neutral
review sample review testing purpose,neutral
review sample review testing purpose,neutral
review sample review testing purpose,neutral
review sample review testing purpose,neutral
review sample review testing purpose,neutral
review sample review testing purpose,neutral
review sample review testing purpose,neutral
review sample review testing purpose,neutral
review sample review testing purpose,neutral
review sample review testing purpose,neutral
review sample review testing purpose,neutral
review sample review testing purpose,neutral
review sample review testing purpose,neutral
review sample review testing purpose,neutral
review sample review testing purpose,neutral
review sample review testing purpose,neutral
review sample review testing purpose,neutral
review sample review testing purpose,neutral
review sample review testing purpose,neutral
review sample review testing purpose,neutral
review sample review testing purpose,neutral
review sample review testing purpose,neutral
review sample review testing purpose,neutral
review sample review testing purpose,neutral
review sample review testing purpose,neutral
review sample review testing purpose,neutral
review sample review testing purpose,neutral
review sample review testing purpose,neutral
review sample review testing purpose,neutral
review sample review testing purpose,neutral
review sample review testing purpose,neutral
review sample review testing purpose,neutral
review sample review testing purpose,neutral
review sample review testing purpose,neutral
review sample review testing purpose,neutral
review sample review testing purpose,neutral
review sample review testing purpose,neutral
review sample review testing purpose,neutral
review sample review testing purpose,neutral
review sample review testing purpose,neutral
review sample review testing purpose,neutral
review sample review testing purpose,neutral
review sample review testing purpose,neutral
review sample review testing purpose,neutral
review sample review testing purpose,neutral
review sample review testing purpose,neutral
review sample review testing purpose,neutral
review sample review testing purpose,neutral
review sample review testing purpose,neutral
review sample review testing purpose,neutral
review sample review testing purpose,neutral
review sample review testing purpose,neutral
review sample review testing purpose,neutral
review sample review testing purpose,neutral
review sample review testing purpose,neutral
review sample review testing purpose,neutral
review sample review testing purpose,neutral
review sample review testing purpose,neutral
review sample review testing purpose,neutral
review sample review testing purpose,neutral
review sample review testing purpose,neutral
review sample review testing purpose,neutral
review sample review testing purpose,neutral
review sample review testing purpose,neutral
review sample review testing purpose,neutral
review sample review testing purpose,neutral
review sample review testing purpose,neutral
review sample review testing purpose,neutral
review sample review testing purpose,neutral
review sample review testing purpose,neutral
review sample review testing purpose,neutral
review sample review testing purpose,neutral
review sample review testing purpose,neutral
review sample review testing purpose,neutral
review sample review testing purpose,neutral
review sample review testing purpose,neutral
review sample review testing purpose,neutral
review sample review testing purpose,neutral
review sample review testing purpose,neutral
review sample review testing purpose,neutral
review sample review testing purpose,neutral
review sample review testing purpose,neutral
review sample review testing purpose,neutral
review sample review testing purpose,neutral
review sample review testing purpose,neutral
review sample review testing purpose,neutral
review sample review testing purpose,neutral
review sample review testing purpose,neutral
review sample review testing purpose,neutral
review sample review testing purpose,neutral
review sample review testing purpose,neutral
review sample review testing purpose,neutral
review sample review testing purpose,neutral
review sample review testing purpose,neutral
review sample review testing purpose,neutral
review sample review testing purpose,neutral
review sample review testing purpose,neutral
review sample review testing purpose,neutral
review sample review testing purpose,neutral
review sample review testing purpose,neutral
review sample review testing purpose,neutral
review sample review testing purpose,neutral
review sample review testing purpose,neutral
review sample review testing purpose,neutral
review sample review testing purpose,neutral
review sample review testing purpose,neutral
review sample review testing purpose,neutral
review sample review testing purpose,neutral
review sample review testing purpose,neutral
review sample review testing purpose,neutral
review sample review testing purpose,neutral
review sample review testing purpose,neutral
review sample review testing purpose,neutral
review sample review testing purpose,neutral
review sample review testing purpose,neutral
review sample review testing purpose,neutral
review sample review testing purpose,neutral
review sample review testing purpose,neutral
review sample review testing purpose,neutral
review sample review testing purpose,neutral
review sample review testing purpose,neutral
review sample review testing purpose,neutral
review sample review testing purpose,neutral
review sample review testing purpose,neutral
review sample review testing purpose,neutral
review sample review testing purpose,neutral
review sample review testing purpose,neutral
review sample review testing purpose,neutral
review sample review testing purpose,neutral
review sample review testing purpose,neutral
review sample review testing purpose,neutral
review sample review testing purpose,neutral
review sample review testing purpose,neutral
review sample review testing purpose,neutral
review sample review testing purpose,neutral
review sample review testing purpose,neutral
review sample review testing purpose,neutral
review sample review testing purpose,neutral
review sample review testing purpose,neutral
review sample review testing purpose,neutral
review sample review testing purpose,neutral
review sample review testing purpose,neutral
review sample review testing purpose,neutral
review sample review testing purpose,neutral
review sample review testing purpose,neutral
review sample review testing purpose,neutral
review sample review testing purpose,neutral
review sample review testing purpose,neutral
review sample review testing purpose,neutral
review sample review testing purpose,neutral
review sample review testing purpose,neutral
review sample review testing purpose,neutral
review sample review testing purpose,neutral
review sample review testing purpose,neutral
review sample review testing purpose,neutral
review sample review testing purpose,neutral
review sample review testing purpose,neutral
review sample review testing purpose,neutral
review sample review testing purpose,neutral
review sample review testing purpose,neutral
review sample review testing purpose,neutral
review sample review testing purpose,neutral
review sample review testing purpose,neutral
review sample review testing purpose,neutral
review sample review testing purpose,neutral
review sample review testing purpose,neutral
review sample review testing purpose,neutral
review sample review testing purpose,neutral
review sample review testing purpose,neutral
review sample review testing purpose,neutral
review sample review testing purpose,neutral
review sample review testing purpose,neutral
review sample review testing purpose,neutral
review sample review testing purpose,neutral
review sample review testing purpose,neutral
review sample review testing purpose,neutral
review sample review testing purpose,neutral
review sample review testing purpose,neutral
review sample review testing purpose,neutral
review sample review testing purpose,neutral
review sample review testing purpose,neutral
review sample review testing purpose,neutral
review sample review testing purpose,neutral
review sample review testing purpose,neutral
review sample review testing purpose,neutral
review sample review testing purpose,neutral
review sample review testing purpose,neutral
review sample review testing purpose,neutral
review sample review testing purpose,neutral
review sample review testing purpose,neutral
review sample review testing purpose,neutral
review sample review testing purpose,neutral
review sample review testing purpose,neutral
review sample review testing purpose,neutral
review sample review testing purpose,neutral
review sample review testing purpose,neutral
review sample review testing purpose,neutral
review sample review testing purpose,neutral
review sample review testing purpose,neutral
review sample review testing purpose,neutral
review sample review testing purpose,neutral
review sample review testing purpose,neutral
review sample review testing purpose,neutral
review sample review testing purpose,neutral
review sample review testing purpose,neutral
review sample review testing purpose,neutral
review sample review testing purpose,neutral
review sample review testing purpose,neutral
review sample review testing purpose,neutral
review sample review testing purpose,neutral
review sample review testing purpose,neutral
review sample review testing purpose,neutral
review sample review testing purpose,neutral
review sample review testing purpose,neutral
review sample review testing purpose,neutral
review sample review testing purpose,neutral
review sample review testing purpose,neutral
review sample review testing purpose,neutral
review sample review testing purpose,neutral
review sample review testing purpose,neutral
review sample review testing purpose,neutral
review sample review testing purpose,neutral
review sample review testing purpose,neutral
review sample review testing purpose,neutral
review sample review testing purpose,neutral
review sample review testing purpose,neutral
review sample review testing purpose,neutral
review sample review testing purpose,neutral
review sample review testing purpose,neutral
review sample review testing purpose,neutral
review sample review testing purpose,neutral
review sample review testing purpose,neutral
review sample review testing purpose,neutral
review sample review testing purpose,neutral
review sample review testing purpose,neutral
review sample review testing purpose,neutral
review sample review testing purpose,neutral
review sample review testing purpose,neutral
review sample review testing purpose,neutral
review sample review testing purpose,neutral
review sample review testing purpose,neutral
review sample review testing purpose,neutral
review sample review testing purpose,neutral
review sample review testing purpose,neutral
review sample review testing purpose,neutral
review sample review testing purpose,neutral
review sample review testing purpose,neutral
review sample review testing purpose,neutral
review sample review testing purpose,neutral
review sample review testing purpose,neutral
review sample review testing purpose,neutral
review sample review testing purpose,neutral
review sample review testing purpose,neutral
review sample review testing purpose,neutral
review sample review testing purpose,neutral
review sample review testing purpose,neutral
review sample review testing purpose,neutral
review sample review testing purpose,neutral
review sample review testing purpose,neutral
review sample review testing purpose,neutral
review sample review testing purpose,neutral
review sample review testing purpose,neutral
review sample review testing purpose,neutral
review sample review testing purpose,neutral
review sample review testing purpose,neutral
review sample review testing purpose,neutral
review sample review testing purpose,neutral
review sample review testing purpose,neutral
review sample review testing purpose,neutral
review sample review testing purpose,neutral
review sample review testing purpose,neutral
review sample review testing purpose,neutral
review sample review testing purpose,neutral
review sample review testing purpose,neutral
review sample review testing purpose,neutral
review sample review testing purpose,neutral
review sample review testing purpose,neutral
review sample review testing purpose,neutral
review sample review testing purpose,neutral
review sample review testing purpose,neutral
review sample review testing purpose,neutral
review sample review testing purpose,neutral
review sample review testing purpose,neutral
review sample review testing purpose,neutral
review sample review testing purpose,neutral
review sample review testing purpose,neutral
review sample review testing purpose,neutral
review sample review testing purpose,neutral
review sample review testing purpose,neutral
review sample review testing purpose,neutral
review sample review testing purpose,neutral
review sample review testing purpose,neutral
review sample review testing purpose,neutral
review sample review testing purpose,neutral
review sample review testing purpose,neutral
review sample review testing purpose,neutral
review sample review testing purpose,neutral
review sample review testing purpose,neutral
review sample review testing purpose,neutral
review sample review testing purpose,neutral
review sample review testing purpose,neutral
review sample review testing purpose,neutral
review sample review testing purpose,neutral
review sample review testing purpose,neutral
review sample review testing purpose,neutral
review sample review testing purpose,neutral
review sample review testing purpose,neutral
review sample review testing purpose,neutral
review sample review testing purpose,neutral
review sample review testing purpose,neutral
review sample review testing purpose,neutral
review sample review testing purpose,neutral
review sample review testing purpose,neutral
review sample review testing purpose,neutral
review sample review testing purpose,neutral
review sample review testing purpose,neutral
review sample review testing purpose,neutral
review sample review testing purpose,neutral
review sample review testing purpose,neutral
review sample review testing purpose,neutral
review sample review testing purpose,neutral
review sample review testing purpose,neutral
review sample review testing purpose,neutral
review sample review testing purpose,neutral
review sample review testing purpose,neutral
review sample review testing purpose,neutral
review sample review testing purpose,neutral
review sample review testing purpose,neutral
review sample review testing purpose,neutral
review sample review testing purpose,neutral
review sample review testing purpose,neutral
review sample review testing purpose,neutral
review sample review testing purpose,neutral
review sample review testing purpose,neutral
review sample review testing purpose,neutral
review sample review testing purpose,neutral
review sample review testing purpose,neutral
review sample review testing purpose,neutral
review sample review testing purpose,neutral
review sample review testing purpose,neutral
review sample review testing purpose,neutral
review sample review testing purpose,neutral
review sample review testing purpose,neutral
review sample review testing purpose,neutral
review sample review testing purpose,neutral
review sample review testing purpose,neutral
review sample review testing purpose,neutral
review sample review testing purpose,neutral
review sample review testing purpose,neutral
review sample review testing purpose,neutral
review sample review testing purpose,neutral
review sample review testing purpose,neutral
review sample review testing purpose,neutral
review sample review testing purpose,neutral
review sample review testing purpose,neutral
review sample review testing purpose,neutral
review sample review testing purpose,neutral
review sample review testing purpose,neutral
review sample review testing purpose,neutral
review sample review testing purpose,neutral
review sample review testing purpose,neutral
review sample review testing purpose,neutral
review sample review testing purpose,neutral
review sample review testing purpose,neutral
review sample review testing purpose,neutral
review sample review testing purpose,neutral
review sample review testing purpose,neutral
review sample review testing purpose,neutral
review sample review testing purpose,neutral
review sample review testing purpose,neutral
review sample review testing purpose,neutral
review sample review testing purpose,neutral
review sample review testing purpose,neutral
review sample review testing purpose,neutral
review sample review testing purpose,neutral
review sample review testing purpose,neutral
review sample review testing purpose,neutral
review sample review testing purpose,neutral
review sample review testing purpose,neutral
review sample review testing purpose,neutral
review sample review testing purpose,neutral
review sample review testing purpose,neutral
review sample review testing purpose,neutral
review sample review testing purpose,neutral
review sample review testing purpose,neutral
review sample review testing purpose,neutral
review sample review testing purpose,neutral
review sample review testing purpose,neutral
review sample review testing purpose,neutral
review sample review testing purpose,neutral
review sample review testing purpose,neutral
review sample review testing purpose,neutral
review sample review testing purpose,neutral
review sample review testing purpose,neutral
review sample review testing purpose,neutral
review sample review testing purpose,neutral
review sample review testing purpose,neutral
review sample review testing purpose,neutral
review sample review testing purpose,neutral
review sample review testing purpose,neutral
review sample review testing purpose,neutral
review sample review testing purpose,neutral
review sample review testing purpose,neutral
review sample review testing purpose,neutral
review sample review testing purpose,neutral
review sample review testing purpose,neutral
review sample review testing purpose,neutral
review sample review testing purpose,neutral
review sample review testing purpose,neutral
review sample review testing purpose,neutral
review sample review testing purpose,neutral
review sample review testing purpose,neutral
review sample review testing purpose,neutral
review sample review testing purpose,neutral
review sample review testing purpose,neutral
review sample review testing purpose,neutral
review sample review testing purpose,neutral
review sample review testing purpose,neutral
review sample review testing purpose,neutral
review sample review testing purpose,neutral
review sample review testing purpose,neutral
review sample review testing purpose,neutral
review sample review testing purpose,neutral
review sample review testing purpose,neutral
review sample review testing purpose,neutral
review sample review testing purpose,neutral
review sample review testing purpose,neutral
review sample review testing purpose,neutral
review sample review testing purpose,neutral
review sample review testing purpose,neutral
review sample review testing purpose,neutral
review sample review testing purpose,neutral
review sample review testing purpose,neutral
review sample review testing purpose,neutral
review sample review testing purpose,neutral
review sample review testing purpose,neutral
review sample review testing purpose,neutral
review sample review testing purpose,neutral
review sample review testing purpose,neutral
review sample review testing purpose,neutral
review sample review testing purpose,neutral
review sample review testing purpose,neutral
review sample review testing purpose,neutral
review sample review testing purpose,neutral
review sample review testing purpose,neutral
review sample review testing purpose,neutral
review sample review testing purpose,neutral
review sample review testing purpose,neutral
review sample review testing purpose,neutral
review sample review testing purpose,neutral
review sample review testing purpose,neutral
review sample review testing purpose,neutral
review sample review testing purpose,neutral
review sample review testing purpose,neutral
review sample review testing purpose,neutral
review sample review testing purpose,neutral
review sample review testing purpose,neutral
review sample review testing purpose,neutral
review sample review testing purpose,neutral
review sample review testing purpose,neutral
review sample review testing purpose,neutral
review sample review testing purpose,neutral
review sample review testing purpose,neutral
review sample review testing purpose,neutral
review sample review testing purpose,neutral
review sample review testing purpose,neutral
review sample review testing purpose,neutral
review sample review testing purpose,neutral
review sample review testing purpose,neutral
review sample review testing purpose,neutral
review sample review testing purpose,neutral
review sample review testing purpose,neutral
review sample review testing purpose,neutral
review sample review testing purpose,neutral
review sample review testing purpose,neutral
review sample review testing purpose,neutral
review sample review testing purpose,neutral
review sample review testing purpose,neutral
review sample review testing purpose,neutral
review sample review testing purpose,neutral
review sample review testing purpose,neutral
review sample review testing purpose,neutral
review sample review testing purpose,neutral
review sample review testing purpose,neutral
review sample review testing purpose,neutral
review sample review testing purpose,neutral
review sample review testing purpose,neutral
review sample review testing purpose,neutral
review sample review testing purpose,neutral
review sample review testing purpose,neutral
review sample review testing purpose,neutral
review sample review testing purpose,neutral
review sample review testing purpose,neutral
review sample review testing purpose,neutral
review sample review testing purpose,neutral
review sample review testing purpose,neutral
review sample review testing purpose,neutral
review sample review testing purpose,neutral
review sample review testing purpose,neutral
review sample review testing purpose,neutral
review sample review testing purpose,neutral
review sample review testing purpose,neutral
review sample review testing purpose,neutral
review sample review testing purpose,neutral
review sample review testing purpose,neutral
review sample review testing purpose,neutral
review sample review testing purpose,neutral
review sample review testing purpose,neutral
review sample review testing purpose,neutral
review sample review testing purpose,neutral
review sample review testing purpose,neutral
review sample review testing purpose,neutral
review sample review testing purpose,neutral
review sample review testing purpose,neutral
review sample review testing purpose,neutral
review sample review testing purpose,neutral
review sample review testing purpose,neutral
review sample review testing purpose,neutral
review sample review testing purpose,neutral
review sample review testing purpose,neutral
review sample review testing purpose,neutral
review sample review testing purpose,neutral
review sample review testing purpose,neutral
review sample review testing purpose,neutral
review sample review testing purpose,neutral
review sample review testing purpose,neutral
review sample review testing purpose,neutral
review sample review testing purpose,neutral
review sample review testing purpose,neutral
review sample review testing purpose,neutral
review sample review testing purpose,neutral
review sample review testing purpose,neutral
review sample review testing purpose,neutral
review sample review testing purpose,neutral
review sample review testing purpose,neutral
review sample review testing purpose,neutral
review sample review testing purpose,neutral
review sample review testing purpose,neutral
review sample review testing purpose,neutral
review sample review testing purpose,neutral
review sample review testing purpose,neutral
review sample review testing purpose,neutral
review sample review testing purpose,neutral
review sample review testing purpose,neutral
review sample review testing purpose,neutral
review sample review testing purpose,neutral
review sample review testing purpose,neutral
review sample review testing purpose,neutral
review sample review testing purpose,neutral
review sample review testing purpose,neutral
review sample review testing purpose,neutral
review sample review testing purpose,neutral
review sample review testing purpose,neutral
review sample review testing purpose,neutral
review sample review testing purpose,neutral
review sample review testing purpose,neutral
review sample review testing purpose,neutral
review sample review testing purpose,neutral
review sample review testing purpose,neutral
review sample review testing purpose,neutral
review sample review testing purpose,neutral
review sample review testing purpose,neutral
review sample review testing purpose,neutral
review sample review testing purpose,neutral
review sample review testing purpose,neutral
review sample review testing purpose,neutral
review sample review testing purpose,neutral
review sample review testing purpose,neutral
review sample review testing purpose,neutral
review sample review testing purpose,neutral
review sample review testing purpose,neutral
review sample review testing purpose,neutral
review sample review testing purpose,neutral
review sample review testing purpose,neutral
review sample review testing purpose,neutral
review sample review testing purpose,neutral
review sample review testing purpose,neutral
review sample review testing purpose,neutral
review sample review testing purpose,neutral
review sample review testing purpose,neutral
review sample review testing purpose,neutral
review sample review testing purpose,neutral
review sample review testing purpose,neutral
review sample review testing purpose,neutral
review sample review testing purpose,neutral
review sample review testing purpose,neutral
review sample review testing purpose,neutral
review sample review testing purpose,neutral
review sample review testing purpose,neutral
review sample review testing purpose,neutral
review sample review testing purpose,neutral
review sample review testing purpose,neutral
review sample review testing purpose,neutral
review sample review testing purpose,neutral
review sample review testing purpose,neutral
review sample review testing purpose,neutral
review sample review testing purpose,neutral
review sample review testing purpose,neutral
review sample review testing purpose,neutral
review sample review testing purpose,neutral
review sample review testing purpose,neutral
review sample review testing purpose,neutral
review sample review testing purpose,neutral
review sample review testing purpose,neutral
review sample review testing purpose,neutral
review sample review testing purpose,neutral
review sample review testing purpose,neutral
review sample review testing purpose,neutral
review sample review testing purpose,neutral
review sample review testing purpose,neutral
review sample review testing purpose,neutral
review sample review testing purpose,neutral
review sample review testing purpose,neutral
review sample review testing purpose,neutral
review sample review testing purpose,neutral
review sample review testing purpose,neutral
review sample review testing purpose,neutral
review sample review testing purpose,neutral
review sample review testing purpose,neutral
review sample review testing purpose,neutral
review sample review testing purpose,neutral
review sample review testing purpose,neutral
review sample review testing purpose,neutral
review sample review testing purpose,neutral
review sample review testing purpose,neutral
review sample review testing purpose,neutral
review sample review testing purpose,neutral
review sample review testing purpose,neutral
review sample review testing purpose,neutral
review sample review testing purpose,neutral
review sample review testing purpose,neutral
review sample review testing purpose,neutral
review sample review testing purpose,neutral
review sample review testing purpose,neutral
review sample review testing purpose,neutral
review sample review testing purpose,neutral
review sample review testing purpose,neutral
review sample review testing purpose,neutral
review sample review testing purpose,neutral
review sample review testing purpose,neutral
review sample review testing purpose,neutral
review sample review testing purpose,neutral
review sample review testing purpose,neutral
review sample review testing purpose,neutral
review sample review testing purpose,neutral
review sample review testing purpose,neutral
review sample review testing purpose,neutral
review sample review testing purpose,neutral
review sample review testing purpose,neutral
review sample review testing purpose,neutral
review sample review testing purpose,neutral
review sample review testing purpose,neutral
review sample review testing purpose,neutral
review sample review testing purpose,neutral
review sample review testing purpose,neutral
review sample review testing purpose,neutral
review sample review testing purpose,neutral
review sample review testing purpose,neutral
review sample review testing purpose,neutral
review sample review testing purpose,neutral
review sample review testing purpose,neutral
review sample review testing purpose,neutral
review sample review testing purpose,neutral
review sample review testing purpose,neutral
review sample review testing purpose,neutral
review sample review testing purpose,neutral
review sample review testing purpose,neutral
review sample review testing purpose,neutral
